Name,Lat,Long,Count
Conakry,9.641185,-13.578401,5
Chicago,41.878114,-87.629798,3
Cincinnati,39.103118,-84.51202,1
Dallas/Forth Worth,32.776664,-96.796988,3
New York,40.712775,-74.005973,3
Washington DC,47.751074,-120.740139,3
Freetown,8.465677,-13.231722,7
Atlanta,33.748995,-84.387982,2
Boston,42.360082,-71.05888,1
Philadelphia,39.952584,-75.165222,1
Monrovia,6.290743,-10.760524,13
Birmingham (US),52.486243,-1.890401,1
"Grand Rapids, MI",42.96336,-85.668086,1
Honolulu,21.306944,-157.858333,1
Houston,29.760427,-95.369803,1
Huntsville,34.730369,-86.586104,1
Indianapolis,39.768403,-86.158068,1
Los Angeles,34.052234,-118.243685,1
Minneapolis/St Paul,44.977753,-93.265011,1
San Francisco,37.774929,-122.419416,1
